Авто-, мото сегмент
	Автоаксессуары
	Автозапчасти для грузовых автомобилей
	Автозапчасти для легковых автомобилей
	Автосигнализация продажа
	Авто- и мотосалоны
	Автошины, диски
	Автохимия, масла
	АЗС
	Специализированное автооборудование
Интернет. Связь. Информационные технологии.
	Интернет, мобильная связь
	Мобильные телефоны, прочие средства связи
	Телекоммуникационное и IT-оборудование
	Программное обеспечение
Компьютеры. Офисная техника.
	Компьютеры, комплектующие 	
	Оргтехника, комплектующие, расходные материалы
	Сетевое оборудование
Медицина. Здоровье. Красота.
	Аптеки
	Медицинское оборудование, инструменты
	Оборудование, инструменты для салонов красоты
	Расходные материалы для салонов красоты
Металлопрокат. Металлообработка.
	Металлоизделия
	Металлообработка
	Металлоконструкции
	Нержавеющий металлопрокат
	Прием, переработка металла
	Сварочные материалы
	Цветной металлопрокат
	Черный металлопрокат
Строительство
	Стройматериалы и конструкции
	Отделочные материалы
Промышленность, производство, переработка
	Деревообрабатывающая промышленность
	Легкая промышленность
	Литейное производство
	Машиностроение
	Медицинская промышленность
	Нефтегазовая промышленность
	Пищевая промышленность
	Приборостроение
	Прием, переработка драгоценных металлов
	Производство изделий из пластмасс
	Станкостроение
	РТИ (резины, пластмассы)
	Топливная промышленность
	Химическая промышленность
	Технические газы
	Уголь
	Утилизация отходов, вторсырье
	Электроэнергетика
Оборудование и инструменты
	Оборудование
		Банковское оборудование
		Вентиляционное, тепловое, климатическое оборудование и системы
		Гидравлическое оборудование, комплектующие
		Газовое оборудование, комплектующие
		Деревообрабатывающее оборудование, комплектующие
		Прокат оборудования
		Прочее оборудование
		Сварочное оборудование
		Торговое и складское оборудование
	Электрооборудование
	Инструменты
	Абразивный инструмент
	Бензо- и электроинструмент
	Измерительный инструмент
	Прокат инструмента
	Прочие инструменты
	Слесарно-монтажные инструменты
Охрана. Безопасность
	Противопожарное оборудование, инвентарь
	Продажа, установка ремонт домофонов
	Системы безопасности и охраны
Сельское хозяйство
	Агрофирмы многопрофильные
	Агрохимия	
	Животноводство, птицеводство
	Зерно
	Корма
	Оборудование для сельского хозяйства
	Пчеловодство
	Сельскохозяйственная техника
	Семена
	Растениеводство
	Тепличные хозяйства
Торговая деятельность
	Оптовая торговля
		Алкогольная продукция, напитки
		Аудио-видео бытовая техника
		Бытовая химия и косметика
		Канцелярские товары и принадлежности, книги
		Мебель и комплектующие
		Одежда и обувь
		Продукты питания
		Посуда, хозтовары
		Прочая оптовая торговля
		Табачная продукция
	Розничная торговля
		Алкогольная продукция, напитки
		Аудио-видео бытовая техника
		Бытовая химия и косметика
		Канцелярские товары и принадлежности, книги
		Мебель
		Одежда и обувь
		Продукты питания
		Посуда, хозтовары
		Прочая розничная торговля
		Табачная продукция
